{
	"success":true,
	"terms":"https:\/\/currencylayer.com\/terms",
	"privacy":"https:\/\/currencylayer.com\/privacy",
	"timestamp":1469849407,
	"source":"USD",
	"quotes":{
		"USDAED":3.672404,
		"USDAFN":68.849998,
		"USDALL":123.750403,
		"USDAMD":476.079987,
		"USDANG":1.770403,
		"USDAOA":165.063004,
		"USDARS":15.020402,
		"USDAUD":1.314304,
		"USDAWG":1.79,
		"USDAZN":1.584604,
		"USDBAM":1.752704,
		"USDBBD":2,
		"USDBDT":78.330002,
		"USDBGN":1.759904,
		"USDBHD":0.377041,
		"USDBIF":1647,
		"USDBMD":1.00005,
		"USDBND":1.349204,
		"USDBOB":6.860399,
		"USDBRL":3.240399,
		"USDBSD":1,
		"USDBTC":0.001522,
		"USDBTN":67.025002,
		"USDBWP":10.678804,
		"USDBYR":20020,
		"USDBZD":1.980397,
		"USDCAD":1.30271,
		"USDCDF":972.503923,
		"USDCHF":0.96889,
		"USDCLF":0.02482,
		"USDCLP":654.840027,
		"USDCNY":6.637041,
		"USDCOP":3070,
		"USDCRC":542.809998,
		"USDCUC":0.995,
		"USDCUP":1.00036,
		"USDCVE":99.00036,
		"USDCZK":24.195999,
		"USDDJF":175.800003,
		"USDDKK":6.649204,
		"USDDOP":45.770393,
		"USDDZD":109.699997,
		"USDEEK":14.03904,
		"USDEGP":8.879904,
		"USDERN":15.403879,
		"USDETB":21.799999,
		"USDEUR":0.894604,
		"USDFJD":2.06804,
		"USDFKP":0.755204,
		"USDGBP":0.75576,
		"USDGEL":2.347404,
		"USDGGP":0.755915,
		"USDGHS":3.94504,
		"USDGIP":0.755404,
		"USDGMD":42.349998,
		"USDGNF":8985.000355,
		"USDGTQ":7.560504,
		"USDGYD":205.000355,
		"USDHKD":7.756504,
		"USDHNL":22.570389,
		"USDHRK":6.658404,
		"USDHTG":62.910388,
		"USDHUF":280.250388,
		"USDIDR":13097,
		"USDILS":3.809804,
		"USDIMP":0.755915,
		"USDINR":66.749001,
		"USDIQD":1168,
		"USDIRR":30065.000352,
		"USDISK":119.089996,
		"USDJEP":0.755915,
		"USDJMD":126.290001,
		"USDJOD":0.707704,
		"USDJPY":102.046997,
		"USDKES":101.279999,
		"USDKGS":67.94504,
		"USDKHR":4041.000351,
		"USDKMF":439.899994,
		"USDKPW":900.00035,
		"USDKRW":1112.050049,
		"USDKWD":0.301504,
		"USDKYD":0.820383,
		"USDKZT":352.350006,
		"USDLAK":8077.000349,
		"USDLBP":1504.503779,
		"USDLKR":145.800003,
		"USDLRD":90.000348,
		"USDLSL":13.860382,
		"USDLTL":3.048704,
		"USDLVL":0.62055,
		"USDLYD":1.330381,
		"USDMAD":9.734304,
		"USDMDL":19.674999,
		"USDMGA":2927.000347,
		"USDMKD":55.029999,
		"USDMMK":1182.000346,
		"USDMNT":2060.000346,
		"USDMOP":7.989404,
		"USDMRO":353.000346,
		"USDMUR":35.259998,
		"USDMVR":15.103741,
		"USDMWK":710.650024,
		"USDMXN":18.757999,
		"USDMYR":4.027504,
		"USDMZN":68.260002,
		"USDNAD":14.120377,
		"USDNGN":319.250377,
		"USDNIO":28.450001,
		"USDNOK":8.433904,
		"USDNPR":106.949997,
		"USDNZD":1.386704,
		"USDOMR":0.384904,
		"USDPAB":1.003645,
		"USDPEN":3.365039,
		"USDPGK":3.164504,
		"USDPHP":47.090375,
		"USDPKR":104.800003,
		"USDPLN":3.896704,
		"USDPYG":5584.000341,
		"USDQAR":3.641504,
		"USDRON":3.976038,
		"USDRSD":110.885902,
		"USDRUB":65.639099,
		"USDRWF":740,
		"USDSAR":3.750373,
		"USDSBD":7.896404,
		"USDSCR":13.281038,
		"USDSDG":6.070372,
		"USDSEK":8.54565,
		"USDSGD":1.33875,
		"USDSHP":0.755404,
		"USDSLL":5495.000339,
		"USDSOS":545.000338,
		"USDSRD":7.080371,
		"USDSTD":22050,
		"USDSVC":8.722038,
		"USDSYP":215.399994,
		"USDSZL":14.088804,
		"USDTHB":34.790001,
		"USDTJS":7.868038,
		"USDTMT":3.41,
		"USDTND":2.215504,
		"USDTOP":2.282204,
		"USDTRY":2.990804,
		"USDTTD":6.659038,
		"USDTWD":31.879999,
		"USDTZS":2184.000336,
		"USDUAH":24.820367,
		"USDUGX":3375.000335,
		"USDUSD":1,
		"USDUYU":29.850367,
		"USDUZS":2955.000335,
		"USDVEF":9.974804,
		"USDVND":22295,
		"USDVUV":106.400002,
		"USDWST":2.581504,
		"USDXAF":586.51001,
		"USDXAG":0.049164,
		"USDXAU":0.000754,
		"USDXCD":2.703606,
		"USDXDR":0.717679,
		"USDXOF":589.250364,
		"USDXPF":106.650002,
		"USDYER":249.899994,
		"USDZAR":13.927704,
		"USDZMK":5156.103593,
		"USDZMW":10.250363,
		"USDZWL":322.355011
	}
}